image_label,image_path,prediction,confidence,person,bus,airplane,dog,cat,car,bicycle,food
person,/export/space0/oyundari/jupyter/notebook/kadai4/dnn_kadai2/data/COCO/val2014/COCO_val2014_000000537548.jpg,person,0.5733932256698608,0.5733932256698608,0.01162811741232872,0.0025286085437983274,0.028406618162989616,0.015531734563410282,0.09598422795534134,0.27104970812797546,0.0014777656178921461
bus,/export/space0/oyundari/jupyter/notebook/kadai4/dnn_kadai2/data/COCO/val2014/COCO_val2014_000000017207.jpg,bus,0.9564696550369263,0.006383484695106745,0.9564696550369263,9.41351754590869e-05,0.0006612939760088921,0.0012245483230799437,0.017151687294244766,0.015916209667921066,0.002098971977829933
airplane,/export/space0/oyundari/jupyter/notebook/kadai4/dnn_kadai2/data/COCO/val2014/COCO_val2014_000000504811.jpg,airplane,0.9730499386787415,0.004627771209925413,0.003151089884340763,0.9730499386787415,0.0008484150166623294,0.00044499977957457304,0.012942541390657425,0.004395908210426569,0.0005393336759880185
dog,/export/space0/oyundari/jupyter/notebook/kadai4/dnn_kadai2/data/COCO/val2014/COCO_val2014_000000016164.jpg,dog,0.979754626750946,0.005709785968065262,0.00023560582485515624,0.0006499605369754136,0.979754626750946,0.00978786125779152,0.0005848308792337775,0.000956872827373445,0.0023203641176223755
cat,/export/space0/oyundari/jupyter/notebook/kadai4/dnn_kadai2/data/COCO/val2014/COCO_val2014_000000157807.jpg,cat,0.9891332983970642,0.004171968903392553,7.812429976183921e-05,0.00010258280963171273,0.004543839953839779,0.9891332983970642,8.625497139291838e-05,0.001014080480672419,0.0008699073223397136
