feature,dim,explained_ratio
4096,4096,1.0
pca95,153,0.9507826566696167
pca90,123,0.9009681344032288
pca128,128,0.9088501930236816
